Município,agropecuario,transformacao/industrial,comercio e atividades essenciais,atividades financeiras servicos profissionais e tecnicos,administracao publica,saude,educacao e cultura,sum,classe
Água Santa,8.111702127659575,9.441489361702128,31.648936170212767,3.4574468085106385,47.07446808510639,0.26595744680851063,0.0,752,3
Agudo,1.001602564102564,32.171474358974365,37.419871794871796,6.049679487179487,17.708333333333336,5.048076923076923,0.6009615384615385,2496,4
Ajuricaba,6.050420168067227,15.966386554621847,42.016806722689076,7.142857142857142,22.689075630252102,4.621848739495799,1.5126050420168067,1190,1
Alecrim,2.8089887640449436,8.426966292134832,35.95505617977528,7.865168539325842,32.958801498127336,11.610486891385769,0.37453183520599254,534,1
Alegrete,14.688610164576236,17.05212789095918,34.24925686942652,6.728050460378452,16.711375335315015,7.0325527441455815,3.538026535199014,13793,4
Alegria,7.3979591836734695,2.5510204081632653,32.6530612244898,8.673469387755102,48.214285714285715,0.5102040816326531,0.0,392,3
Almirante Tamandaré do Sul,16.22103386809269,40.46345811051694,18.181818181818183,1.4260249554367201,23.52941176470588,0.17825311942959002,0.0,561,2
Alpestre,0.13123359580052493,8.530183727034121,36.61417322834646,12.073490813648293,39.501312335958005,3.149606299212598,0.0,762,1
Alto Alegre,3.578947368421052,5.684210526315789,48.0,2.9473684210526314,39.578947368421055,0.21052631578947367,0.0,475,1
Alto Feliz,15.704697986577182,52.080536912751676,9.664429530201343,1.2080536912751678,21.073825503355707,0.2684563758389262,0.0,745,2
Alvorada,0.056246133078350864,23.73024354575623,40.66032960233984,8.155689296360876,19.309297485797853,3.8472355025591995,4.240958434107655,17779,4
Amaral Ferrador,2.232142857142857,0.8928571428571428,15.848214285714285,2.0089285714285716,70.3125,8.705357142857142,0.0,448,6
Ametista do Sul,0.6422018348623854,40.550458715596335,27.981651376146786,2.7522935779816518,25.779816513761467,1.926605504587156,0.3669724770642202,1090,2
André da Rocha,40.06849315068493,17.80821917808219,9.931506849315069,0.3424657534246575,31.84931506849315,0.0,0.0,292,0
Anta Gorda,3.7121212121212124,33.86363636363636,36.96969696969697,5.0,15.227272727272728,2.878787878787879,2.348484848484848,1320,4
Antônio Prado,3.2485110990795887,52.355170546832696,22.523010286951813,6.009745533297239,10.232809962100704,3.492149431510558,2.1386031402273957,3694,2
Arambaré,36.092715231788084,0.9933774834437087,20.364238410596027,2.152317880794702,39.900662251655625,0.33112582781456956,0.16556291390728478,604,0
Araricá,0.7366482504604052,63.47452424800492,11.90914671577655,1.1663597298956414,21.976672805402085,0.06138735420503376,0.6752608962553714,1629,5
Aratiba,9.484873262469337,26.24693376941946,22.567457072771873,6.950122649223221,28.209321340964838,6.214227309893704,0.3270645952575634,1223,1
Arroio do Meio,1.9797687861271678,54.71098265895954,24.552023121387283,6.820809248554912,7.196531791907515,3.410404624277456,1.3294797687861273,6920,2
Arroio do Padre,0.0,4.850746268656716,16.044776119402986,2.6119402985074625,75.74626865671642,0.7462686567164178,0.0,268,6
Arroio do Sal,0.2857142857142857,6.9523809523809526,56.80952380952381,6.333333333333334,29.523809523809526,0.09523809523809523,0.0,2100,1
Arroio do Tigre,0.05561735261401557,22.469410456062292,36.48498331479422,5.228031145717464,25.639599555061178,5.839822024471635,4.282536151279199,1798,1
Arroio dos Ratos,5.234327449786975,18.25928180158247,38.28362751065125,5.842970176506391,28.058429701765064,1.2172854534388313,3.10407790626902,1643,1
Arroio Grande,36.0442917143948,2.6727758686521574,28.29324169530355,6.911034746086292,22.14585719740359,2.6345933562428407,1.2982054219167622,2619,0
Arvorezinha,0.7019783024888321,33.503509891512444,34.971282705807276,8.679004467134652,16.65603063178047,4.020421186981493,1.467772814294831,1567,4
Augusto Pestana,4.4799999999999995,20.48,42.72,7.68,15.68,5.680000000000001,3.2800000000000002,1250,4
Áurea,3.225806451612903,24.798387096774192,22.177419354838708,11.895161290322582,37.29838709677419,0.6048387096774194,0.0,496,1
Bagé,6.389166590929747,12.973734436062893,37.46251022448423,8.306825411251477,15.518494955921112,5.684813232754704,13.664455148595838,22006,4
Balneário Pinhal,1.8366054464851171,10.069664344521849,44.33185560481318,2.9765674477517416,40.08866371120963,0.6966434452184928,0.0,1579,1
Barão,1.5776699029126213,71.6626213592233,11.83252427184466,2.3058252427184467,11.225728155339807,1.0315533980582525,0.3640776699029126,1648,5
Barão de Cotegipe,3.3255993812838365,35.34416086620263,34.80278422273782,3.7122969837587005,18.097447795823665,4.098994586233565,0.6187161639597835,1293,4
Barão do Triunfo,7.8431372549019605,1.4705882352941175,25.0,7.107843137254902,58.333333333333336,0.24509803921568626,0.0,408,3
Barra do Guarita,2.6717557251908395,1.1450381679389312,17.557251908396946,2.6717557251908395,75.57251908396947,0.38167938931297707,0.0,262,6
Barra do Quaraí,12.17183770883055,1.7899761336515514,44.868735083532215,0.47732696897374705,40.572792362768496,0.11933174224343676,0.0,838,1
Barra do Ribeiro,36.36363636363637,18.55864342910975,22.13848327837965,4.239284032030146,18.040508714083845,0.18841262364578426,0.4710315591144607,2123,0
Barra do Rio Azul,5.181347150259067,0.5181347150259068,31.606217616580313,4.66321243523316,56.994818652849744,1.0362694300518136,0.0,193,3
Barra Funda,0.7927519818799547,60.47565118912798,20.724801812004532,1.4722536806342015,16.08154020385051,0.11325028312570783,0.33975084937712347,883,5
Barracão,4.71841704718417,18.56925418569254,29.68036529680365,4.5662100456621,38.96499238964992,3.1963470319634704,0.30441400304414,657,1
Barros Cassal,1.884570082449941,3.53356890459364,39.34040047114252,5.889281507656066,48.76325088339223,0.5889281507656066,0.0,849,1
Benjamin Constant do Sul,0.0,6.25,13.020833333333334,5.208333333333334,75.52083333333334,0.0,0.0,192,6
Bento Gonçalves,0.4093767867352773,44.05260148656375,27.700400228702115,8.487135506003431,11.149228130360205,5.392795883361921,2.808461978273299,43725,2
Boa Vista das Missões,12.18274111675127,5.32994923857868,31.725888324873097,3.5532994923857872,46.954314720812185,0.25380710659898476,0.0,394,3
Boa Vista do Buricá,0.5477784540474742,29.945222154595253,35.66646378575776,12.538040170419965,15.337796713329277,4.017041996348144,1.9476567255021302,1643,4
Boa Vista do Cadeado,37.5,0.7352941176470588,17.401960784313726,1.9607843137254901,42.40196078431372,0.0,0.0,408,0
Boa Vista do Incra,23.04147465437788,0.2304147465437788,14.516129032258066,5.0691244239631335,56.91244239631337,0.2304147465437788,0.0,434,0
Boa Vista do Sul,3.776683087027915,52.38095238095239,24.958949096880133,0.9852216748768473,17.898193760262725,0.0,0.0,609,2
Bom Jesus,46.50442477876106,12.920353982300886,19.24778761061947,3.761061946902655,16.548672566371682,0.6637168141592921,0.35398230088495575,2260,0
Bom Princípio,0.2033760423022168,66.54464104128533,18.87329672564572,3.2540166768354686,8.419768151311775,2.2574740695546063,0.44742729306487694,4917,5
Bom Progresso,4.242424242424243,20.303030303030305,16.969696969696972,1.5151515151515151,56.36363636363636,0.0,0.6060606060606061,330,3
Bom Retiro do Sul,4.741935483870967,61.12903225806452,14.741935483870968,3.1935483870967745,12.419354838709678,2.903225806451613,0.8709677419354838,3100,5
Boqueirão do Leão,3.7520391517128875,16.6394779771615,27.24306688417618,6.688417618270799,38.66231647634584,6.688417618270799,0.3262642740619902,613,1
Bossoroca,26.942482341069628,0.20181634712411706,24.924318869828458,4.843592330978809,42.583249243188696,0.30272452068617556,0.20181634712411706,991,0
Bozano,12.946428571428573,2.232142857142857,29.017857142857146,7.142857142857142,48.214285714285715,0.4464285714285714,0.0,224,3
Braga,1.440922190201729,6.051873198847262,22.19020172910663,5.763688760806916,62.824207492795395,1.729106628242075,0.0,347,3
Brochier,5.104712041884817,37.04188481675393,30.628272251308903,5.104712041884817,18.717277486910994,3.4031413612565444,0.0,764,2
Butiá,19.193742478941033,5.054151624548736,45.12635379061371,6.979542719614922,19.223826714801444,2.8580024067388687,1.5643802647412757,3324,1
Caçapava do Sul,14.702581369248035,15.840949174282507,32.5316658649992,14.413981080647748,17.732884399551065,3.6075036075036073,1.170434503767837,6237,1
Cacequi,26.26788036410923,7.542262678803641,25.097529258777634,4.291287386215865,32.63979193758127,3.3810143042912877,0.7802340702210664,1538,0
Cachoeira do Sul,8.906992532247115,17.922606924643585,38.43856076035302,6.951799049558724,14.847250509164969,8.6693822131704,4.263408010862186,14730,4
Cachoeirinha,0.05074626865671642,31.86865671641791,42.04776119402985,19.244776119402985,1.226865671641791,2.6,2.961194029850746,33500,4
Cacique Doble,0.24390243902439024,11.951219512195122,27.80487804878049,5.609756097560976,51.21951219512195,3.1707317073170733,0.0,410,3
Caibaté,3.7527593818984544,29.249448123620308,30.573951434878587,7.836644591611479,24.061810154525386,4.525386313465784,0.0,906,1
Caiçara,0.0,1.8218623481781375,27.125506072874494,9.7165991902834,60.72874493927125,0.6072874493927125,0.0,494,3
Camaquã,6.46007958682584,22.88544577089154,40.11514689696046,6.604013208026416,15.731098128862925,5.477944289221911,2.726272119210905,11811,4
Camargo,3.622047244094488,41.41732283464567,30.708661417322837,2.677165354330709,21.41732283464567,0.15748031496062992,0.0,635,2
Cambará do Sul,7.576747224036577,42.6518615284128,20.50947093403005,3.7883736120182885,21.097322011757022,4.376224689745264,0.0,1531,2
Campestre da Serra,19.884169884169882,23.93822393822394,17.760617760617762,2.8957528957528957,35.521235521235525,0.0,0.0,518,0
Campina das Missões,1.5957446808510638,17.287234042553195,38.03191489361702,4.787234042553192,28.324468085106385,9.707446808510637,0.26595744680851063,752,1
Campinas do Sul,14.72636815920398,12.736318407960198,39.20398009950249,5.472636815920398,26.268656716417908,1.3930348258706469,0.1990049751243781,1005,1
Campo Bom,0.5557371690094802,51.50142436837435,21.052631578947366,13.239620791108205,10.446924765329472,1.769952832391538,1.4337084948395833,21413,2
Campo Novo,8.804448563484709,12.604263206672844,49.02687673772011,5.746061167747914,21.686746987951807,1.9462465245597778,0.18535681186283595,1079,1
Campos Borges,3.474903474903475,12.741312741312742,38.61003861003861,2.8957528957528957,41.6988416988417,0.5791505791505791,0.0,518,1
Candelária,1.75715695952616,43.75123395853899,30.404738400789732,5.844027640671273,12.793682132280354,3.4353405725567625,2.013820335636723,5065,2
Cândido Godói,1.5177065767284992,35.91905564924115,28.499156829679595,6.323777403035413,21.66947723440135,4.1315345699831365,1.93929173693086,1186,2
Candiota,9.264585045193098,66.20788824979458,10.47658175842235,4.19063270336894,8.66885784716516,1.0065735414954808,0.1848808545603944,4868,5
Canela,0.7733870113359467,21.79256277148003,42.17607797436169,15.033372179256277,10.869795529187414,3.6126708337747644,5.742133700603878,9439,4
Canguçu,6.936303243454474,6.05705353653771,47.44040640875342,6.760453302071122,25.127002735443533,5.900742477530285,1.7780382962094567,5118,1
Canoas,0.04082220728076073,18.874267601575255,40.69974065891845,16.396119489002018,8.394966861972913,8.172846028239363,7.421237153011238,83288,4
Canudos do Vale,1.7647058823529411,17.647058823529413,14.117647058823529,2.941176470588235,63.52941176470588,0.0,0.0,170,3
Capão Bonito do Sul,31.08108108108108,12.837837837837837,13.175675675675674,0.6756756756756757,41.891891891891895,0.33783783783783783,0.0,296,0
Capão da Canoa,0.08774728781110401,13.305679642629228,45.46107211231653,16.84747925973197,14.877153797064455,3.980536056158264,5.440331844288449,12536,4
Capão do Cipó,29.411764705882355,0.4524886877828055,21.49321266968326,2.7149321266968327,45.92760180995475,0.0,0.0,442,0
Capão do Leão,18.13426329555362,29.09038070328393,21.970357454228424,4.620749782040105,25.021795989537924,0.3777971519907004,0.7846556233653008,3441,1
Capela de Santana,5.519713261648746,42.58064516129032,20.78853046594982,1.935483870967742,28.888888888888886,0.07168458781362007,0.21505376344086022,1395,2
Capitão,19.18238993710692,39.15094339622642,8.962264150943396,1.729559748427673,30.18867924528302,0.0,0.7861635220125787,636,2
Capivari do Sul,25.366695427092324,15.703192407247627,32.78688524590164,5.43572044866264,20.18981880931838,0.3451251078515962,0.1725625539257981,1159,0
Caraá,0.5415162454873645,68.32129963898917,7.671480144404332,1.6245487364620936,21.119133574007222,0.7220216606498195,0.0,1108,5
Carazinho,5.060958321519705,17.649560533030908,46.88829033172668,9.71789055854834,9.888006804649844,6.003685851998866,4.791607598525659,14108,4
Carlos Barbosa,0.42897211681240716,62.38244514106584,19.138755980861244,9.363141395809272,4.2402243854149475,2.6068305560138594,1.8396304240224384,12122,5
Carlos Gomes,0.0,7.2727272727272725,10.303030303030303,1.2121212121212122,81.21212121212122,0.0,0.0,165,6
Casca,5.886475122634898,24.877365101611773,40.679747722494746,13.209530483531884,11.422564821303434,2.347582340574632,1.5767344078486334,2854,4
Caseiros,14.049586776859504,13.016528925619836,35.9504132231405,3.925619834710744,32.438016528925615,0.6198347107438017,0.0,484,1
Catuípe,13.838936669272869,6.9585613760750595,37.76387802971071,10.16419077404222,30.179827990617667,0.8600469116497262,0.23455824863174357,1279,1
Caxias do Sul,1.2450664480332525,43.909724737989464,27.961561195111255,10.74799321219517,4.6586712935598475,6.035934689623175,5.441048423487838,157341,2
Centenário,1.6129032258064515,8.46774193548387,23.387096774193548,5.64516129032258,60.88709677419355,0.0,0.0,248,3
Cerrito,12.943632567849686,6.471816283924843,20.041753653444676,4.175365344467641,56.36743215031316,0.0,0.0,479,3
Cerro Branco,1.2626262626262625,3.2828282828282833,27.27272727272727,7.575757575757576,57.32323232323232,3.2828282828282833,0.0,396,3
Cerro Grande,0.36496350364963503,0.36496350364963503,25.18248175182482,4.014598540145985,69.7080291970803,0.36496350364963503,0.0,274,6
Cerro Grande do Sul,3.404255319148936,17.4468085106383,35.1063829787234,4.361702127659575,39.361702127659576,0.3191489361702127,0.0,940,1
Cerro Largo,3.131991051454139,17.16203259827421,51.486097794822626,8.501118568232663,12.847555129434324,3.100031959092362,3.7711728986896773,3129,4
Chapada,7.564224548049476,30.589914367269266,37.82112274024738,4.043767840152237,17.411988582302566,2.1883920076117986,0.3805899143672693,2102,4
Charqueadas,1.2343820562998644,33.35842239951829,37.994881830498265,5.931055246123739,16.859852476290833,2.6192985097094685,2.0021074815595363,6643,4
Charrua,14.035087719298245,0.8771929824561403,18.859649122807017,3.070175438596491,63.1578947368421,0.0,0.0,228,3
Chiapetta,20.62415196743555,2.9850746268656714,25.237449118046136,4.884667571234735,40.97693351424695,5.291723202170964,0.0,737,0
Chuí,1.7957351290684627,1.3468013468013467,72.55892255892256,2.749719416386083,19.865319865319865,1.2345679012345678,0.44893378226711567,1782,1
Chuvisca,5.182926829268292,8.841463414634147,13.109756097560975,4.2682926829268295,68.29268292682927,0.3048780487804878,0.0,328,6
Cidreira,0.9683098591549295,3.653169014084507,41.94542253521127,4.709507042253521,46.96302816901409,0.5721830985915494,1.1883802816901408,2272,1
Ciríaco,14.615384615384617,18.461538461538463,43.333333333333336,16.153846153846153,0.0,7.435897435897436,0.0,390,4
Colinas,3.233830845771144,43.53233830845771,16.666666666666664,2.9850746268656714,32.83582089552239,0.4975124378109453,0.24875621890547264,402,2
Colorado,9.45179584120983,11.531190926275993,30.623818525519848,7.372400756143667,40.45368620037807,0.3780718336483932,0.1890359168241966,529,3
Condor,16.23268698060942,27.811634349030474,35.45706371191136,2.1052631578947367,16.67590027700831,1.7174515235457064,0.0,1805,4
Constantina,0.8512769153730596,33.550325488232346,38.607911867801704,9.614421632448673,14.071106659989985,3.1547320981472207,0.15022533800701052,1997,4
Coqueiro Baixo,3.007518796992481,4.511278195488721,12.781954887218044,2.2556390977443606,77.44360902255639,0.0,0.0,133,6
Coqueiros do Sul,8.0,6.545454545454546,26.90909090909091,2.181818181818182,56.00000000000001,0.36363636363636365,0.0,275,3
Coronel Barros,21.374045801526716,7.37913486005089,26.463104325699742,3.307888040712468,41.221374045801525,0.2544529262086514,0.0,393,0
Coronel Bicaco,17.311827956989248,4.516129032258064,34.086021505376344,5.483870967741936,34.623655913978496,3.870967741935484,0.10752688172043011,930,1
Coronel Pilar,0.7874015748031495,2.3622047244094486,32.28346456692913,3.149606299212598,61.417322834645674,0.0,0.0,127,3
Cotiporã,0.28328611898017,61.89801699716714,10.198300283286118,3.5410764872521248,23.937677053824363,0.141643059490085,0.0,706,5
Coxilha,33.38323353293413,8.832335329341317,20.209580838323355,6.287425149700598,31.2874251497006,0.0,0.0,668,0
Crissiumal,1.9815059445178336,29.634522236900047,33.37736679876706,8.102157639806252,20.123293703214443,5.988551298987231,0.7926023778071334,2271,1
Cristal,15.879828326180256,2.3605150214592276,18.798283261802577,51.67381974248927,11.030042918454935,0.17167381974248927,0.08583690987124463,2330,4
Cristal do Sul,2.6785714285714284,1.7857142857142856,10.714285714285714,4.464285714285714,79.46428571428571,0.8928571428571428,0.0,224,6
Cruz Alta,8.134234517447343,14.563030493555484,37.2052813580635,8.935869223514619,15.781200880226343,8.472178560201195,6.908204966991511,12724,4
Cruzaltense,0.0,3.1413612565445024,15.18324607329843,4.18848167539267,77.4869109947644,0.0,0.0,191,6
Cruzeiro do Sul,4.7714381047714385,44.94494494494494,30.663997330663996,8.508508508508509,9.242575909242575,1.8351685018351684,0.033366700033366704,2997,2
David Canabarro,1.3647642679900744,13.027295285359802,22.8287841191067,7.320099255583126,50.86848635235732,4.466501240694789,0.12406947890818859,806,3
Derrubadas,1.4084507042253522,13.380281690140844,28.87323943661972,4.577464788732395,51.40845070422535,0.35211267605633806,0.0,284,3
Dezesseis de Novembro,9.547738693467336,0.5025125628140703,13.5678391959799,3.5175879396984926,72.8643216080402,0.0,0.0,199,6
Dilermando de Aguiar,25.43352601156069,8.38150289017341,17.63005780346821,2.023121387283237,46.53179190751445,0.0,0.0,346,0
Dois Irmãos,0.2704073009971269,59.58255872908569,23.78739225959101,5.053236437383809,6.565827277336488,1.1238803447693089,3.616697650836573,11834,2
Dois Irmãos das Missões,34.005037783375315,0.2518891687657431,13.09823677581864,1.7632241813602016,0.0,0.0,50.88161209068011,397,0
Dois Lajeados,4.0241448692152915,24.547283702213278,26.559356136820927,11.066398390342053,22.535211267605636,11.267605633802818,0.0,497,1
Dom Feliciano,4.639684106614018,3.948667324777887,33.366238894373154,5.824284304047384,46.29812438302073,5.429417571569595,0.4935834155972359,1013,3
Dom Pedrito,29.503839338452455,8.195510927347902,31.674542232722974,4.57767277023036,19.063792085056114,4.754873006497342,2.229769639692853,6772,0
Dom Pedro de Alcântara,10.5,11.25,35.25,0.5,42.5,0.0,0.0,400,1
Dona Francisca,0.0,44.4954128440367,11.009174311926607,4.3577981651376145,39.44954128440367,0.6880733944954129,0.0,436,2
Doutor Maurício Cardoso,6.188925081433225,11.074918566775244,39.25081433224756,6.351791530944626,36.48208469055375,0.6514657980456027,0.0,614,1
Doutor Ricardo,2.366863905325444,54.142011834319526,14.497041420118343,1.7751479289940828,27.218934911242602,0.0,0.0,338,2
Eldorado do Sul,0.8714733542319749,11.592476489028213,38.940438871473354,39.824451410658305,6.300940438871473,0.11912225705329155,2.3510971786833856,15950,4
Encantado,1.1661425576519917,52.882599580712785,27.070230607966455,8.16299790356394,5.1100628930817615,4.022536687631027,1.5854297693920334,7632,2
Encruzilhada do Sul,26.239224137931032,16.89116379310345,27.155172413793103,3.8523706896551726,21.955818965517242,3.5829741379310347,0.3232758620689655,3712,0
Engenho Velho,3.4482758620689653,31.03448275862069,36.206896551724135,12.068965517241379,17.24137931034483,0.0,0.0,58,4
Entre Rios do Sul,1.5345268542199488,14.322250639386189,26.854219948849106,3.0690537084398977,51.406649616368284,2.813299232736573,0.0,391,3
Entre-ijuís,14.689655172413794,4.344827586206897,50.206896551724135,4.275862068965517,25.310344827586206,0.9655172413793104,0.20689655172413793,1450,1
Erebango,23.262032085561497,13.368983957219251,14.171122994652407,6.149732620320856,42.780748663101605,0.0,0.267379679144385,374,0
Erechim,0.7103594080338266,39.98026779422128,30.85271317829457,10.51444679351656,6.861169837914025,5.24031007751938,5.8407329105003525,35475,2
Ernestina,11.66077738515901,9.010600706713781,34.45229681978799,9.540636042402827,34.09893992932862,0.35335689045936397,0.88339222614841,566,1
Erval Grande,19.57831325301205,18.373493975903614,20.33132530120482,4.367469879518072,37.1987951807229,0.15060240963855423,0.0,664,0
Erval Seco,6.004901960784314,13.602941176470587,36.27450980392157,6.61764705882353,34.19117647058824,2.8186274509803924,0.49019607843137253,816,1
Esmeralda,22.519083969465647,4.198473282442748,29.00763358778626,5.7251908396946565,38.54961832061068,0.0,0.0,524,0
Esperança do Sul,0.6211180124223602,27.639751552795033,11.180124223602485,3.4161490683229814,57.14285714285714,0.0,0.0,322,3
Espumoso,6.079797340088663,15.072830905636478,50.12666244458518,7.061431285623812,14.122862571247625,6.3331222292590255,1.2032932235592146,3158,4
Estação,4.945340968245706,58.25091098386257,17.43883394065591,4.893284747527329,12.024986985944821,2.3945861530452888,0.052056220718375845,1921,5
Estância Velha,0.25356576862123614,41.06973058637084,28.787638668779714,18.14580031695721,8.676703645007924,0.705229793977813,2.3613312202852614,12620,2
Esteio,0.6242969628796401,33.07649043869516,31.451068616422944,12.739032620922385,12.530933633295838,5.888638920134983,3.689538807649044,17780,4
Estrela,5.629239647666296,37.80500151867976,35.52698187708819,7.390908170497114,8.524855725422698,2.1261516654854713,2.9968613951604737,9877,2
Estrela Velha,7.264957264957266,0.641025641025641,42.0940170940171,3.205128205128205,46.794871794871796,0.0,0.0,468,1
Eugênio de Castro,19.047619047619047,2.5210084033613445,28.011204481792717,5.602240896358544,42.857142857142854,1.9607843137254901,0.0,357,0
Fagundes Varela,0.9615384615384616,54.03846153846153,14.807692307692308,4.423076923076923,25.576923076923073,0.19230769230769232,0.0,520,2
Farroupilha,3.4728016847458973,45.13847498708626,33.786307466126274,6.357531688322009,4.644971589780267,3.858227043350419,2.7416855405888665,25167,2
Faxinal do Soturno,0.22505626406601648,25.431357839459867,36.23405851462866,7.876969242310578,18.37959489872468,10.577644411102776,1.275318829707427,1333,1
Faxinalzinho,5.038759689922481,6.976744186046512,27.131782945736433,3.875968992248062,56.97674418604651,0.0,0.0,258,3
Fazenda Vilanova,4.0310077519379846,38.44961240310077,20.0,9.612403100775193,27.44186046511628,0.46511627906976744,0.0,645,2
Feliz,0.6568575932737782,44.87651077246453,33.44718864950079,4.887020493956911,10.535995796111402,3.652128218602207,1.9442984760903836,3806,2
Flores da Cunha,3.3173996175908225,57.17973231357553,25.03824091778203,5.028680688336521,5.994263862332696,1.7590822179732315,1.6826003824091778,10460,2
Floriano Peixoto,0.0,5.853658536585367,16.585365853658537,5.365853658536586,72.1951219512195,0.0,0.0,205,6
Fontoura Xavier,4.073033707865169,22.823033707865168,26.474719101123593,4.49438202247191,22.752808988764045,19.382022471910112,0.0,1424,1
Formigueiro,11.543450064850843,18.15823605706874,27.107652399481193,5.058365758754864,37.48378728923476,0.648508430609598,0.0,771,1
Forquetinha,0.9009009009009009,41.74174174174174,8.408408408408409,4.2042042042042045,43.54354354354354,0.6006006006006006,0.6006006006006006,333,2
Fortaleza dos Valos,27.941176470588236,1.2032085561497325,29.946524064171122,4.545454545454546,34.893048128342244,1.3368983957219251,0.1336898395721925,748,0
Frederico Westphalen,1.1555454854423928,30.157471394584796,38.34824968845588,9.924096522034667,10.037385295117254,4.055738076356633,6.321513538008383,8827,4
Garibaldi,2.2086710790510895,56.88257603926527,25.180337621774374,7.369673533130067,4.194244069309139,2.3127835204878413,1.8517141369822263,13447,2
Garruchos,19.88795518207283,11.484593837535014,17.086834733893557,0.8403361344537815,50.42016806722689,0.2801120448179272,0.0,357,0
Gaurama,8.41889117043121,38.19301848049281,18.68583162217659,7.7002053388090355,22.895277207392198,2.8747433264887063,1.2320328542094456,974,2
General Câmara,7.556270096463022,9.163987138263666,28.45659163987138,6.109324758842444,47.58842443729904,0.8038585209003215,0.3215434083601286,622,3
Gentil,18.803418803418804,17.37891737891738,20.7977207977208,1.9943019943019942,40.45584045584046,0.0,0.5698005698005698,351,0
Getúlio Vargas,1.8973485769885674,27.29262953052785,41.838968620773535,5.643395767453175,10.605692045730967,5.862320603259548,6.8596448552663585,4111,4
Giruá,6.924643584521386,13.679565512559403,40.42769857433808,7.128309572301425,23.18397827562797,6.008146639511202,2.6476578411405294,2946,1
Glorinha,3.670588235294118,52.65882352941177,14.635294117647057,12.141176470588237,14.964705882352941,1.835294117647059,0.09411764705882353,2125,2
Gramado,0.652545999144202,19.752888318356867,52.1074026529739,11.178861788617885,8.124732563115105,3.4392383397518183,4.744330338040222,18696,4
Gramado dos Loureiros,4.0,7.5,10.5,2.5,75.5,0.0,0.0,200,6
Gramado Xavier,1.8181818181818181,9.090909090909092,19.272727272727273,5.454545454545454,64.0,0.36363636363636365,0.0,275,3
Gravataí,0.3700865404384965,45.01598100970075,28.53030784471318,9.917571634175063,9.485804003663482,3.254144782340517,3.426104184968505,53501,2
Guabiju,8.396946564885496,27.099236641221374,12.977099236641221,3.0534351145038165,41.98473282442748,6.488549618320611,0.0,262,3
Guaíba,5.3288637151774365,27.308981620621893,38.06496358802451,13.02739567680037,10.894694254999422,2.1095827072014792,3.2655184371748933,17302,4
Guaporé,0.546513009385767,57.95414043008198,20.565522157538314,6.023523820838779,9.789711298562432,3.255316621123916,1.8652726624688132,8417,2
Guarani das Missões,3.2287822878228782,20.29520295202952,29.612546125461254,9.778597785977858,27.121771217712176,9.778597785977858,0.18450184501845018,1084,1
Harmonia,3.152088258471237,56.42237982663515,19.62174940898345,4.885736800630418,15.602836879432624,0.31520882584712373,0.0,1269,5
Herval,20.833333333333336,1.171875,22.395833333333336,7.8125,47.39583333333333,0.390625,0.0,768,3
Herveiras,0.0,0.9615384615384616,18.75,4.807692307692308,75.0,0.4807692307692308,0.0,208,6
Horizontina,0.7200561995082543,43.43168247277836,29.69792764313312,5.900948366701791,12.223393045310853,2.212855637513172,5.813136635054443,5694,2
Hulha Negra,6.386946386946386,75.8041958041958,3.3566433566433567,0.5594405594405595,13.846153846153847,0.046620046620046623,0.0,2145,5
Humaitá,6.272617611580217,10.735826296743065,41.61640530759952,11.097708082026537,27.503015681544028,2.7744270205066344,0.0,829,1
Ibarama,0.2915451895043732,16.909620991253643,19.533527696793,4.664723032069971,58.309037900874635,0.2915451895043732,0.0,343,3
Ibiaçá,18.842530282637952,12.516823687752353,33.64737550471063,4.172274562584119,26.51413189771198,3.3647375504710633,0.9421265141318977,743,0
Ibiraiaras,4.511970534069982,9.392265193370166,47.697974217311234,13.627992633517497,20.534069981583794,3.591160220994475,0.6445672191528545,1086,4
Ibirapuitã,4.05727923627685,1.6706443914081146,29.116945107398568,7.637231503579953,57.04057279236277,0.47732696897374705,0.0,419,3
Ibirubá,3.503601833660773,32.61296660117878,39.7675180091683,7.318271119842828,10.396201702685003,4.485920104780615,1.9155206286836934,6108,4
Igrejinha,0.1813535570027203,63.86118209545791,18.440359409776605,5.654933641084824,7.353062402110296,3.0170637210452558,1.4920451735223808,12131,5
Ijuí,0.7802282054751275,18.761556848419247,40.06223785685293,11.396743787489289,11.044964596581428,10.94123483515988,7.013033870022099,22173,4
Ilópolis,3.82262996941896,35.015290519877674,14.678899082568808,8.868501529051988,25.993883792048926,11.46788990825688,0.1529051987767584,654,2
Imbé,0.02735229759299781,6.5098468271334795,49.316192560175054,5.4431072210065645,37.58205689277899,0.5470459518599562,0.574398249452954,3656,1
Imigrante,0.40040040040040037,68.96896896896897,10.81081081081081,3.303303303303303,0.0,0.3003003003003003,16.216216216216218,999,5
Independência,10.69676153091266,32.67909715407262,22.276741903827283,5.986261040235525,28.066732090284592,0.2944062806673209,0.0,1019,1
Inhacorá,8.571428571428571,1.0714285714285714,10.714285714285714,6.428571428571428,73.21428571428571,0.0,0.0,280,6
Ipê,25.94254937163375,22.17235188509874,24.775583482944345,6.014362657091562,20.91561938958707,0.17953321364452424,0.0,1114,0
Ipiranga do Sul,10.588235294117647,12.549019607843137,16.470588235294116,7.0588235294117645,52.156862745098046,0.7843137254901961,0.39215686274509803,255,3
Iraí,0.5291005291005291,5.6878306878306875,41.93121693121693,5.6878306878306875,34.92063492063492,9.656084656084655,1.5873015873015872,756,1
Itaara,20.454545454545457,14.545454545454545,34.54545454545455,4.393939393939394,24.848484848484848,0.45454545454545453,0.7575757575757576,660,0
Itacurubi,28.000000000000004,0.0,9.75,4.0,58.25,0.0,0.0,400,0
Itapuca,4.375,7.5,10.0,4.375,73.75,0.0,0.0,160,6
Itaqui,22.773948515965678,16.936277957518637,29.65255310170207,8.257138838092558,18.483612322408216,3.1228020818680546,0.7736671824447883,7109,0
Itati,8.262108262108262,12.82051282051282,14.814814814814813,1.4245014245014245,62.10826210826211,0.5698005698005698,0.0,351,3
Itatiba do Sul,0.9584664536741214,12.460063897763577,14.376996805111823,7.667731629392971,63.897763578274756,0.6389776357827476,0.0,313,3
Ivorá,2.73224043715847,6.0109289617486334,16.39344262295082,13.661202185792352,57.92349726775956,3.278688524590164,0.0,183,3
Ivoti,0.5479102956167177,47.84658511722732,31.893476044852193,4.625382262996942,8.753822629969418,2.90519877675841,3.4276248725790013,7848,2
Jaboticaba,1.0256410256410255,3.3333333333333335,23.589743589743588,9.487179487179487,49.743589743589745,12.82051282051282,0.0,390,3
Jacuizinho,22.972972972972975,0.0,7.77027027027027,1.3513513513513513,67.9054054054054,0.0,0.0,296,0
Jacutinga,10.175438596491228,18.421052631578945,25.438596491228072,10.701754385964913,31.57894736842105,3.684210526315789,0.0,570,1
Jaguarão,19.91701244813278,2.8557481083719796,41.420551623138884,6.956309494752258,20.014644862094215,6.639004149377594,2.1967293141322917,4097,1
Jaguari,4.46685878962536,13.61671469740634,34.654178674351584,14.121037463976945,26.22478386167147,5.619596541786744,1.2968299711815563,1388,1
Jaquirana,13.636363636363635,38.70967741935484,17.595307917888565,4.545454545454546,25.513196480938415,0.0,0.0,682,2
Jari,33.57843137254902,0.24509803921568626,12.990196078431374,3.1862745098039214,50.0,0.0,0.0,408,0
Jóia,32.608695652173914,1.1441647597254003,24.485125858123567,4.004576659038902,35.58352402745996,2.1739130434782608,0.0,874,0
Júlio de Castilhos,15.65545425966677,11.757309022320026,41.464948129519016,5.595724614900974,19.742219427852874,3.8352719270669597,1.9490726186733733,3181,1
Lagoa Bonita do Sul,2.1739130434782608,0.5434782608695652,20.108695652173914,1.6304347826086956,75.54347826086956,0.0,0.0,184,6
Lagoa dos Três Cantos,12.131147540983607,10.819672131147541,19.01639344262295,3.278688524590164,54.09836065573771,0.0,0.6557377049180327,305,3
Lagoa Vermelha,3.0608812647157753,39.539186007399934,32.643794147325934,7.9212916246215945,11.251261352169525,3.195425496131853,2.388160107635385,5946,2
Lagoão,1.095890410958904,1.095890410958904,18.63013698630137,5.47945205479452,73.6986301369863,0.0,0.0,365,6
Lajeado,0.7622078901080492,38.411927297093555,32.32822402769634,11.96638467766703,5.276823854594187,5.229360359605774,6.025071893235056,35817,2
Lajeado do Bugre,0.7434944237918215,6.319702602230483,11.152416356877323,1.858736059479554,79.5539033457249,0.37174721189591076,0.0,269,6
Lavras do Sul,31.469115191986646,2.0868113522537564,21.786310517529213,5.175292153589315,35.2253756260434,4.173622704507513,0.08347245409015025,1198,0
Liberato Salzano,0.20325203252032523,20.32520325203252,26.21951219512195,6.097560975609756,43.49593495934959,3.6585365853658534,0.0,492,3
Lindolfo Collor,0.08688097306689835,81.624674196351,5.907906168549087,0.6950477845351868,11.642050390964378,0.0,0.043440486533449174,2302,5
Linha Nova,7.531380753138076,39.33054393305439,9.623430962343097,2.510460251046025,41.00418410041841,0.0,0.0,239,2
Maçambará,43.393393393393396,3.6036036036036037,5.555555555555555,4.354354354354354,43.093093093093096,0.0,0.0,666,0
Machadinho,2.2144522144522143,14.56876456876457,49.417249417249415,4.545454545454546,26.806526806526808,2.2144522144522143,0.2331002331002331,858,1
Mampituba,3.30188679245283,9.90566037735849,11.320754716981133,4.245283018867925,71.22641509433963,0.0,0.0,212,6
Manoel Viana,25.45235223160434,3.4981905910735827,29.674306393244876,3.739445114595899,37.273823884197824,0.3618817852834741,0.0,829,0
Maquiné,12.0,18.352941176470587,21.176470588235293,4.235294117647059,43.1764705882353,0.5882352941176471,0.4705882352941176,850,3
Maratá,3.1982942430703627,39.872068230277186,14.072494669509595,7.462686567164178,35.39445628997868,0.0,0.0,469,2
Marau,2.4553890078515344,48.14418272662384,23.254817987152034,12.469664525339043,8.515346181299071,2.9264810849393292,2.2341184867951465,14010,2
Marcelino Ramos,2.7210884353741496,19.45578231292517,37.55102040816327,10.204081632653061,24.897959183673468,5.170068027210884,0.0,735,1
Mariana Pimentel,11.11111111111111,10.802469135802468,18.51851851851852,5.246913580246913,54.01234567901234,0.30864197530864196,0.0,324,3
Mariano Moro,4.464285714285714,9.523809523809524,29.464285714285715,4.761904761904762,51.488095238095234,0.2976190476190476,0.0,336,3
Marques de Souza,4.227642276422764,27.15447154471545,27.31707317073171,8.292682926829269,24.390243902439025,8.455284552845528,0.16260162601626016,615,1
Mata,5.058365758754864,16.147859922178988,24.90272373540856,10.311284046692606,38.91050583657588,4.669260700389105,0.0,514,1
Mato Castelhano,15.339233038348082,6.489675516224189,20.058997050147493,5.604719764011799,52.50737463126843,0.0,0.0,339,3
Mato Leitão,0.4592422502870264,63.20321469575201,20.8955223880597,2.812858783008037,12.227324913892078,0.3444316877152698,0.0574052812858783,1742,5
Mato Queimado,2.803738317757009,8.411214953271028,27.102803738317753,4.672897196261682,56.54205607476636,0.46728971962616817,0.0,214,3
Maximiliano de Almeida,1.9298245614035088,11.75438596491228,36.666666666666664,6.315789473684211,39.122807017543856,4.2105263157894735,0.0,570,1
Minas do Leão,25.0,10.99290780141844,30.407801418439718,8.067375886524824,25.354609929078016,0.1773049645390071,0.0,1128,0
Miraguaí,0.23885350318471338,66.0031847133758,12.420382165605096,2.3089171974522293,18.869426751592357,0.15923566878980894,0.0,1256,5
Montauri,0.0,30.79584775086505,29.06574394463668,2.422145328719723,37.37024221453287,0.34602076124567477,0.0,289,1
Monte Alegre dos Campos,41.97860962566845,2.941176470588235,8.02139037433155,0.53475935828877,46.524064171122994,0.0,0.0,374,0
Monte Belo do Sul,1.574803149606299,51.181102362204726,11.548556430446194,4.199475065616798,30.183727034120732,1.0498687664041995,0.26246719160104987,381,2
Montenegro,3.962575674188222,40.23115024766098,25.771751638565064,11.627557912643217,7.700005003252114,6.6142992945414525,4.092660229148947,19987,2
Mormaço,5.7057057057057055,8.408408408408409,26.126126126126124,3.6036036036036037,55.85585585585585,0.3003003003003003,0.0,333,3
Morrinhos do Sul,3.3557046979865772,9.060402684563758,44.966442953020135,1.342281879194631,41.2751677852349,0.0,0.0,298,1
Morro Redondo,2.75,60.583333333333336,13.166666666666666,1.5,21.0,1.0,0.0,1200,5
Morro Reuter,7.390300230946882,61.95150115473441,14.318706697459586,1.8475750577367205,12.990762124711317,0.17321016166281755,1.327944572748268,1732,5
Mostardas,34.84672099340318,9.235545207605742,17.96662786185487,14.318975552968569,21.769499417927822,1.5521924718665114,0.3104384943733023,2577,0
Muçum,1.1283497884344147,46.638457921955805,10.578279266572638,27.785613540197463,9.35590032910202,4.419370004701458,0.09402914903620122,2127,2
Muitos Capões,47.61904761904761,1.4157014157014158,20.72072072072072,0.6435006435006435,29.601029601029598,0.0,0.0,777,0
Muliterno,0.0,14.705882352941178,22.268907563025213,5.042016806722689,56.72268907563025,1.2605042016806722,0.0,238,3
Não-Me-Toque,2.688552426772322,52.73807839252866,22.357435970001415,9.636337908589217,7.27324182821565,3.1838120843356443,2.1225413895570964,7067,2
Nicolau Vergueiro,16.091954022988507,2.2988505747126435,31.417624521072796,3.4482758620689653,45.593869731800766,1.1494252873563218,0.0,261,3
Nonoai,2.536427415002698,8.796546141392337,46.41122504047491,8.094981111710739,23.475445223961145,7.933081489476525,2.7522935779816518,1853,1
Nova Alvorada,2.231237322515213,11.561866125760648,64.3002028397566,4.158215010141988,17.545638945233264,0.2028397565922921,0.0,986,1
Nova Araçá,0.9704027171276078,78.4570596797671,8.782144590004853,3.7845705967976713,7.5691411935953425,0.3396409509946628,0.09704027171276079,2061,5
Nova Bassano,4.162330905306972,65.66077003121748,13.371488033298649,6.269510926118627,8.454734651404786,1.664932362122789,0.41623309053069724,3844,5
Nova Boa Vista,1.4893617021276597,54.680851063829785,14.468085106382977,2.3404255319148937,25.957446808510635,0.6382978723404255,0.425531914893617,470,2
Nova Bréscia,3.4274193548387095,27.62096774193548,27.21774193548387,7.056451612903227,26.814516129032256,7.661290322580645,0.20161290322580644,496,1
Nova Candelária,4.189044038668099,60.04296455424275,15.896885069817401,2.0408163265306123,17.508055853920514,0.10741138560687433,0.21482277121374865,931,5
Nova Esperança do Sul,0.7182320441988951,73.92265193370166,11.2707182320442,1.7679558011049725,12.099447513812155,0.22099447513812157,0.0,1810,5
Nova Hartz,0.0,76.80451701510759,10.178544178238974,2.670532580497482,9.33923393865405,0.39676484053105443,0.610407446970853,6553,5
Nova Pádua,8.333333333333332,31.666666666666664,27.22222222222222,6.944444444444445,25.833333333333336,0.0,0.0,360,1
Nova Palma,3.278688524590164,15.573770491803279,44.56967213114754,5.737704918032787,25.614754098360653,5.122950819672131,0.10245901639344263,976,1
Nova Petrópolis,2.7276542173730594,45.083228423555745,27.51433766960414,11.833822912295426,8.868373199048818,2.2800391663169677,1.692544411805847,7149,2
Nova Prata,2.744186046511628,48.81395348837209,26.476744186046513,6.953488372093024,9.523255813953488,3.488372093023256,2.0,8600,2
Nova Ramada,8.487084870848708,10.70110701107011,31.365313653136536,2.5830258302583027,46.494464944649444,0.36900369003690037,0.0,271,3
Nova Roma do Sul,0.0,55.03597122302158,17.086330935251798,4.856115107913669,22.48201438848921,0.3597122302158274,0.1798561151079137,556,2
Nova Santa Rita,0.9351699734613926,26.525969922911663,55.04865411348414,4.258814608871477,12.23303424744092,0.11373688866422343,0.8846202451661822,7913,4
Novo Barreiro,1.7857142857142856,14.285714285714285,32.589285714285715,3.125,47.767857142857146,0.4464285714285714,0.0,448,3
Novo Cabrais,6.896551724137931,10.610079575596817,26.790450928381965,2.9177718832891246,51.9893899204244,0.2652519893899204,0.5305039787798408,377,3
Novo Hamburgo,0.12964021355785718,34.24035016797469,32.42399319737374,13.953747717356455,5.113121541185162,8.271882013465854,5.867265149086245,71737,2
Novo Machado,3.1446540880503147,0.628930817610063,36.79245283018868,3.1446540880503147,55.9748427672956,0.3144654088050315,0.0,318,3
Novo Tiradentes,0.0,3.404255319148936,21.70212765957447,3.829787234042553,70.2127659574468,0.851063829787234,0.0,235,6
Novo Xingu,0.0,5.291005291005291,19.576719576719576,5.82010582010582,68.25396825396825,1.0582010582010581,0.0,189,6
Osório,2.1134110280048706,26.856844668638026,39.56340233084015,8.392763958949383,13.106627239519916,5.01826404592103,4.9486867281266305,11498,4
Paim Filho,3.165735567970205,6.33147113594041,33.33333333333333,9.683426443202979,40.03724394785848,7.4487895716946,0.0,537,1
Palmares do Sul,20.66027689030884,12.140575079872203,30.031948881789138,6.922257720979766,27.36954206602769,2.768903088391906,0.10649627263045794,1878,0
Palmeira das Missões,12.76226807698977,9.84914166811167,44.75463846020461,7.473556441824172,17.54811860586093,5.1326512918328415,2.4796254551760013,5767,1
Palmitinho,0.6274509803921569,36.627450980392155,33.568627450980394,5.411764705882352,18.745098039215684,3.9215686274509802,1.0980392156862746,1275,4
Panambi,1.4425673069505516,52.32585049757,24.96335724755072,4.535987040037028,12.419964514387102,2.1677080922625933,2.1445653012419963,12963,2
Pantano Grande,18.354978354978353,18.571428571428573,43.03030303030303,2.1212121212121215,16.969696969696972,0.8225108225108225,0.12987012987012986,2310,4
Paraí,5.439672801635992,49.73415132924335,28.22085889570552,3.8445807770961147,9.85685071574642,2.4130879345603273,0.49079754601227,2445,2
Paraíso do Sul,0.47244094488188976,25.03937007874016,28.03149606299213,6.141732283464567,35.74803149606299,4.566929133858268,0.0,635,1
Pareci Novo,14.911242603550296,18.224852071005916,35.976331360946745,2.8402366863905324,26.745562130177515,0.9467455621301776,0.35502958579881655,845,1
Parobé,0.4021549434706731,64.39031793004023,15.441232263449429,5.190075119508308,10.827832157219818,2.6936793383413007,1.0547082479702556,13179,5
Passa Sete,0.8733624454148471,9.170305676855897,20.52401746724891,3.4934497816593884,65.50218340611353,0.43668122270742354,0.0,229,3
Passo do Sobrado,6.097560975609756,28.17073170731707,24.634146341463413,8.780487804878048,31.463414634146343,0.3658536585365854,0.4878048780487805,820,1
Passo Fundo,1.6602788331185458,17.973522569415387,42.690254230196324,11.61693082729418,5.442768916634588,12.045389881002192,8.570854742338783,59749,4
Paulo Bento,2.1653543307086616,57.48031496062992,12.992125984251967,1.7716535433070866,25.0,0.19685039370078738,0.39370078740157477,508,2
Paverama,2.564102564102564,49.02874902874903,24.32012432012432,4.895104895104895,17.482517482517483,1.7094017094017095,0.0,1287,2
Pedras Altas,29.230769230769234,3.076923076923077,2.564102564102564,1.282051282051282,63.84615384615384,0.0,0.0,390,0
Pedro Osório,37.64805414551608,4.568527918781726,20.727580372250422,3.976311336717428,24.873096446700508,5.245346869712352,2.961082910321489,1182,0
Pejuçara,23.36578581363004,4.033379694019471,26.425591098748264,6.258692628650904,37.552155771905426,2.364394993045897,0.0,719,0
Pelotas,1.349487917531294,15.561951937880714,37.66784925363144,12.257848584242586,14.415958230135887,7.517236762835531,11.229667313742553,74695,4
Picada Café,0.2922908293752283,78.3339422725612,8.220679576178297,4.603580562659847,8.512970405553526,0.03653635367190354,0.0,2737,5
Pinhal,5.181347150259067,54.274611398963735,16.45077720207254,5.181347150259067,18.78238341968912,0.1295336787564767,0.0,772,5
Pinhal da Serra,11.504424778761061,11.209439528023598,10.32448377581121,1.1799410029498525,65.48672566371681,0.2949852507374631,0.0,339,3
Pinhal Grande,11.538461538461538,8.333333333333332,18.58974358974359,5.3418803418803416,52.35042735042735,3.632478632478633,0.2136752136752137,468,3
Pinheirinho do Vale,9.343936381709742,14.7117296222664,23.45924453280318,4.3737574552683895,46.91848906560636,1.1928429423459244,0.0,503,3
Pinheiro Machado,12.880396319886767,7.926397735314933,30.85633404104742,13.163481953290871,27.034677990092003,7.2894550601556976,0.8492569002123143,1413,1
Pinto Bandeira,14.556962025316455,37.34177215189873,21.835443037974684,3.1645569620253164,22.78481012658228,0.31645569620253167,0.0,316,2
Pirapó,4.528301886792453,0.37735849056603776,18.49056603773585,6.037735849056604,69.81132075471697,0.7547169811320755,0.0,265,6
Piratini,24.794569489103253,16.648803143979993,23.15112540192926,3.0367988567345483,26.580921757770632,5.251875669882101,0.5359056806002144,2799,0
Planalto,0.07739938080495357,21.671826625387,43.73065015479876,5.263157894736842,24.53560371517028,4.179566563467492,0.541795665634675,1292,1
Poço das Antas,1.0251630941286114,73.43895619757689,12.861136999068034,1.3979496738117427,11.09040074557316,0.1863932898415657,0.0,1073,5
Pontão,18.32191780821918,3.0821917808219177,24.143835616438356,2.5684931506849313,51.88356164383562,0.0,0.0,584,3
Ponte Preta,1.834862385321101,22.018348623853214,17.889908256880734,4.128440366972478,53.21100917431193,0.0,0.9174311926605505,218,3
Portão,0.37612230041252126,58.432419315700066,23.501577287066247,4.9381218150934245,9.76704683329289,1.067702014074254,1.9170104343605923,8242,2
Porto Alegre,0.22824892183562015,8.998575981948903,28.097384273156244,22.22193219817923,25.297202138057244,9.397069017021511,5.759587469801247,689598,1
Porto Lucena,4.312114989733059,5.95482546201232,33.67556468172484,9.44558521560575,38.809034907597535,7.802874743326489,0.0,487,1
Porto Mauá,2.11864406779661,2.9661016949152543,30.08474576271186,8.050847457627118,55.50847457627118,1.2711864406779663,0.0,236,3
Porto Vera Cruz,6.134969325153374,0.0,15.950920245398773,3.6809815950920246,74.23312883435584,0.0,0.0,163,6
Porto Xavier,2.8897338403041823,6.539923954372624,46.4638783269962,8.669201520912548,27.604562737642585,7.14828897338403,0.6844106463878328,1315,1
Pouso Novo,8.80281690140845,10.211267605633804,27.464788732394368,4.929577464788732,48.23943661971831,0.35211267605633806,0.0,284,3
Presidente Lucena,0.5309734513274336,82.53687315634218,7.964601769911504,0.7669616519174041,8.08259587020649,0.058997050147492625,0.058997050147492625,1695,5
Progresso,0.29542097488921715,20.6794682422452,36.336779911373704,3.6927621861152145,28.508124076809455,10.3397341211226,0.14771048744460857,677,1
Protásio Alves,30.745341614906835,15.527950310559005,16.77018633540373,2.7950310559006213,34.161490683229815,0.0,0.0,322,0
Putinga,3.6363636363636362,43.96694214876033,14.87603305785124,5.454545454545454,27.27272727272727,4.297520661157025,0.49586776859504134,605,2
Quaraí,16.33102580239144,4.153555695405916,48.26935179358087,4.814348646947765,19.60352422907489,5.915670232850849,0.9125235997482695,3178,1
Quatro Irmãos,17.689530685920577,6.137184115523466,11.191335740072201,1.444043321299639,63.537906137184116,0.0,0.0,277,3
Quevedos,23.75,3.125,14.6875,3.75,54.6875,0.0,0.0,320,0
Quinze de Novembro,7.877813504823152,16.720257234726688,36.4951768488746,3.858520900321544,31.511254019292608,3.215434083601286,0.3215434083601286,622,1
Redentora,3.231017770597738,1.2924071082390953,28.27140549273021,5.815831987075929,58.80452342487884,2.5848142164781907,0.0,619,3
Relvado,2.5974025974025974,19.480519480519483,20.77922077922078,8.225108225108226,48.484848484848484,0.0,0.4329004329004329,231,3
Restinga Sêca,7.749689183588894,27.517612929962702,30.37712391214256,8.619975134687111,21.75714877745545,3.398259428097804,0.5801906340654787,2413,1
Rio dos Índios,2.510460251046025,2.928870292887029,14.225941422594143,2.510460251046025,76.98744769874477,0.8368200836820083,0.0,239,6
Rio Grande,2.362898959619115,19.55783812378769,38.06207018162582,12.709398695115501,14.578557573620174,5.629518603420913,7.099717862810792,45368,4
Rio Pardo,7.334326135517498,26.079672375279227,39.501116902457184,5.5658972449739395,16.195085629188384,3.220402084884587,2.103499627699181,5372,4
Riozinho,2.187120291616039,69.68408262454435,8.262454434993925,2.7946537059538272,13.851761846901582,3.219927095990279,0.0,1646,5
Roca Sales,1.8323820967257436,70.92219885851607,10.003003905076598,6.398317813157105,7.750075097626915,0.6908981676179032,2.4031240612796636,3329,5
Rodeio Bonito,14.318010550113037,17.935192162773173,32.479276563677466,7.008289374529013,23.51168048229088,4.672192916352675,0.07535795026375283,1327,1
Rolador,11.965811965811966,5.982905982905983,10.683760683760683,0.4273504273504274,70.94017094017094,0.0,0.0,234,3
Rolante,1.2229406803486083,62.74950801236997,17.177396682597696,7.773404554399775,8.01236997469778,1.8836097835254428,1.1807703120607254,7114,5
Ronda Alta,4.93009565857248,14.643119941133186,42.89919058130979,6.254598969830758,21.85430463576159,9.271523178807946,0.14716703458425312,1359,1
Rondinha,5.805243445692884,13.48314606741573,35.39325842696629,8.98876404494382,30.89887640449438,5.2434456928838955,0.18726591760299627,534,1
Roque Gonzales,6.403940886699508,6.075533661740558,39.40886699507389,5.911330049261084,41.37931034482759,0.3284072249589491,0.49261083743842365,609,1
Rosário do Sul,21.903428971308607,8.74737578726382,39.328201539538135,5.283414975507348,16.25262421273618,6.070678796361092,2.4142757172848146,5716,1
Sagrada Família,0.3194888178913738,25.23961661341853,21.72523961661342,2.5559105431309903,50.159744408945684,0.0,0.0,313,3
Saldanha Marinho,6.572769953051644,5.868544600938967,39.436619718309856,3.9906103286384975,41.07981220657277,3.051643192488263,0.0,426,1
Salto do Jacuí,7.083333333333333,14.86111111111111,40.13888888888889,5.902777777777778,30.34722222222222,0.5555555555555556,1.1111111111111112,1440,1
Salvador das Missões,10.344827586206897,22.988505747126435,44.10919540229885,1.5804597701149428,20.689655172413794,0.28735632183908044,0.0,696,4
Salvador do Sul,20.675575352635487,38.789903489235336,23.088344469190794,4.120267260579064,11.061618411284336,1.3363028953229399,0.9279881217520415,2694,2
Sananduva,3.525732158089281,29.85499004833665,37.816320727893086,8.38783053738982,14.245095251634915,4.520898493033836,1.6491327836224055,3517,4
Santa Bárbara do Sul,20.84726867335563,5.295429208472687,40.96989966555184,4.682274247491638,24.02452619843924,3.7346711259754737,0.4459308807134894,1794,1
Santa Cecília do Sul,12.556053811659194,2.242152466367713,30.94170403587444,2.690582959641256,51.569506726457405,0.0,0.0,223,3
Santa Clara do Sul,0.6558810668998688,73.32750327940533,10.188019239177962,3.979011805859204,10.80017490161784,1.0056843025797988,0.043725404459991256,2287,5
Santa Cruz do Sul,1.9567037435713432,30.986724076067457,34.70876689391221,11.11589522784356,8.140174620260735,5.934696806602082,7.157038631742614,41805,4
Santa Margarida do Sul,45.22821576763486,4.564315352697095,10.995850622406639,0.0,39.211618257261414,0.0,0.0,482,0
Santa Maria,0.8460889822635739,14.074804556303505,36.57762723491832,17.81646157584073,7.694836284640341,8.306535751547113,14.683645614486416,69969,4
Santa Maria do Herval,1.557632398753894,67.86085150571132,15.939771547248183,2.336448598130841,12.09761163032191,0.1557632398753894,0.05192107995846314,1926,5
Santa Rosa,2.5834568899672012,32.02138653008043,34.905872309835104,12.292761827739588,8.887091701487172,5.562295008311992,3.7471357325785144,22257,4
Santa Tereza,14.210526315789473,16.315789473684212,13.684210526315791,0.5263157894736842,55.26315789473685,0.0,0.0,190,3
Santa Vitória do Palmar,40.08163265306122,3.5918367346938775,21.844897959183672,5.240816326530613,23.526530612244898,3.314285714285714,2.4,6125,0
Santana da Boa Vista,10.085227272727272,2.840909090909091,25.142045454545453,4.403409090909091,56.67613636363637,0.8522727272727272,0.0,704,3
Santana do Livramento,8.877092088770922,6.38501806385018,54.154685541546854,7.918602079186021,13.160805131608052,5.271695052716951,4.232102042321021,13563,4
Santiago,6.101859730156801,13.005955998541388,42.42129573356023,9.651148656861555,15.060167740367083,7.730643004740488,6.028929135772457,8227,4
Santo Ângelo,1.6297332185886402,26.98472461273666,37.03743545611016,10.682013769363168,9.10606712564544,8.417598967297762,6.142426850258175,18592,4
Santo Antônio da Patrulha,3.1218427965245503,44.26146696302283,29.03616892301475,7.8500707213578504,10.476864012931905,3.4653465346534658,1.7882400484946455,9898,2
Santo Antônio das Missões,20.9375,1.7187500000000002,36.953125,7.109375,32.5,0.703125,0.078125,1280,1
Santo Antônio do Palma,26.801152737752158,22.76657060518732,11.815561959654179,2.881844380403458,35.73487031700288,0.0,0.0,347,0
Santo Antônio do Planalto,9.455587392550143,21.48997134670487,21.776504297994272,4.871060171919771,42.12034383954155,0.28653295128939826,0.0,349,3
Santo Augusto,11.269722013523667,9.391435011269722,42.33658903080391,10.368144252441773,19.30879038317055,5.822689706987227,1.5026296018031555,2662,1
Santo Cristo,7.733651836369066,25.589728277097638,34.75664377426098,14.959689459540163,13.138250223947448,3.344281875186623,0.477754553598089,3349,4
Santo Expedito do Sul,0.3968253968253968,7.142857142857142,21.428571428571427,4.761904761904762,65.07936507936508,1.1904761904761905,0.0,252,3
São Borja,13.197503671071953,14.63839941262849,40.941629955947135,7.562408223201175,15.620411160058737,5.800293685756241,2.23935389133627,10896,1
São Domingos do Sul,11.594202898550725,45.893719806763286,14.492753623188406,5.797101449275362,20.77294685990338,0.8051529790660225,0.644122383252818,621,2
São Francisco de Assis,13.418530351437699,2.3961661341853033,36.26198083067093,6.7092651757188495,34.5580404685836,6.017039403620873,0.6389776357827476,1878,1
São Francisco de Paula,22.967424035039695,16.20585819874076,35.641938133041336,5.7760744593484805,15.247741582261154,3.5860936216808104,0.5748699698877635,3653,0
São Gabriel,13.477117306680695,18.958442924776435,36.40189374013677,4.976328248290374,16.433456075749607,7.1436086270384,2.609153077327722,9505,4
São Jerônimo,1.8497757847533634,25.476457399103143,29.14798206278027,7.2309417040358746,20.067264573991032,11.63116591928251,4.596412556053812,3568,1
São João da Urtiga,1.340033500837521,9.547738693467336,45.39363484087102,6.867671691792294,35.845896147403685,1.0050251256281406,0.0,597,1
São João do Polêsine,3.9927404718693285,29.764065335753177,27.223230490018146,6.715063520871143,25.952813067150636,3.6297640653357535,2.722323049001815,551,1
São Jorge,6.422018348623854,45.642201834862384,17.431192660550458,6.651376146788992,23.623853211009173,0.22935779816513763,0.0,436,2
São José das Missões,0.0,6.0,16.0,4.3999999999999995,73.6,0.0,0.0,250,6
São José do Herval,11.081794195250659,20.844327176781004,22.95514511873351,2.638522427440633,39.31398416886543,3.16622691292876,0.0,379,3
São José do Hortêncio,3.5227272727272725,55.34090909090909,18.75,3.295454545454545,18.863636363636363,0.22727272727272727,0.0,880,5
São José do Inhacorá,0.6568144499178982,56.65024630541872,12.151067323481117,1.477832512315271,26.436781609195403,2.6272577996715927,0.0,609,2
São José do Norte,14.691943127962084,21.295418641390203,29.57345971563981,4.360189573459715,27.709320695102686,1.263823064770932,1.1058451816745656,3165,1
São José do Ouro,6.25,11.458333333333332,47.91666666666667,6.597222222222222,18.541666666666668,8.61111111111111,0.625,1440,1
São José do Sul,3.5608308605341246,26.706231454005934,22.551928783382788,2.3738872403560833,42.433234421364986,2.0771513353115725,0.2967359050445104,337,3
São José dos Ausentes,43.82165605095542,8.9171974522293,17.70700636942675,2.802547770700637,23.949044585987263,2.420382165605096,0.3821656050955414,785,0
São Leopoldo,0.18111482328116757,35.876560576754,31.019869878670654,14.366098118515913,7.102162827501318,3.884297520661157,7.569896254615791,56870,2
São Lourenço do Sul,6.9291870880513775,10.833192496197396,43.58627682947439,5.644752408315024,22.443805982761532,8.805137738718944,1.757647456481325,5917,1
São Luiz Gonzaga,7.687529119428483,17.40953564218046,44.02857586581768,6.041310762540767,15.002329554278615,5.125019412952322,4.705699642801677,6439,4
São Marcos,1.1463844797178129,56.37860082304527,23.750734861845974,4.894179894179894,9.112286890064668,2.6014109347442678,2.1164021164021163,6804,2
São Martinho,7.250221043324491,13.4394341290893,40.14146772767462,9.195402298850574,25.552608311229,3.359858532272325,1.0610079575596816,1131,1
São Martinho da Serra,25.986842105263158,4.276315789473684,12.171052631578947,3.9473684210526314,53.61842105263158,0.0,0.0,304,0
São Miguel das Missões,29.538216560509557,1.0350318471337578,31.687898089171973,5.573248407643312,27.70700636942675,4.45859872611465,0.0,1256,0
São Nicolau,14.285714285714285,1.5873015873015872,24.00793650793651,6.349206349206349,51.388888888888886,2.380952380952381,0.0,504,3
São Paulo das Missões,5.263157894736842,16.62049861495845,29.6398891966759,8.448753462603879,33.795013850415515,6.232686980609419,0.0,722,1
São Pedro da Serra,5.47945205479452,46.87975646879756,19.17808219178082,2.43531202435312,25.570776255707763,0.45662100456621,0.0,657,2
São Pedro das Missões,0.40816326530612246,0.0,15.10204081632653,1.2244897959183674,83.26530612244898,0.0,0.0,245,6
São Pedro do Butiá,29.166666666666668,19.753086419753085,23.765432098765434,4.938271604938271,21.91358024691358,0.30864197530864196,0.15432098765432098,648,0
São Pedro do Sul,5.561277033985582,13.027806385169926,41.3491246138002,7.363542739443872,28.887744593202886,2.008238928939238,1.8022657054582905,1942,1
São Sebastião do Caí,1.6042077580539118,55.92373438527285,22.32741617357002,7.258382642998027,8.980933596318213,3.2478632478632483,0.6574621959237344,7605,2
São Sepé,11.485367200441745,16.86913307564881,37.382661512976256,4.389839867476533,23.053561568194368,4.141358365543899,2.678078409718388,3622,1
São Valentim,4.2792792792792795,9.234234234234235,28.82882882882883,10.585585585585585,43.91891891891892,3.153153153153153,0.0,444,3
São Valentim do Sul,5.177111716621254,53.13351498637602,10.08174386920981,2.7247956403269753,28.882833787465938,0.0,0.0,367,2
São Valério do Sul,2.553191489361702,3.404255319148936,7.234042553191489,2.127659574468085,84.68085106382979,0.0,0.0,235,6
São Vendelino,0.8708272859216255,60.957910014513786,17.851959361393323,3.0478955007256894,17.271407837445572,0.0,0.0,689,5
São Vicente do Sul,30.14240506329114,4.430379746835443,27.848101265822784,9.49367088607595,27.056962025316455,0.5537974683544303,0.4746835443037975,1264,0
Sapiranga,0.15706373481028355,63.05695627014962,17.983797635777464,4.906175084731752,9.853682731255683,2.6122179052657684,1.4301066380094238,24194,5
Sapucaia do Sul,0.07930607187112763,39.10285006195787,30.2453531598513,6.2651796778190825,14.175960346964064,7.107806691449814,3.023543990086741,20175,2
Sarandi,2.5801526717557253,34.335877862595424,37.725190839694655,8.778625954198473,10.03053435114504,3.2824427480916034,3.267175572519084,6550,4
Seberi,4.863329783457579,40.717074902378414,28.328008519701807,4.6148384806531775,18.10436634717785,2.5204117855875046,0.8519701810436635,2817,2
Sede Nova,4.43213296398892,14.958448753462603,35.45706371191136,2.7700831024930745,42.10526315789473,0.0,0.2770083102493075,361,1
Segredo,0.4975124378109453,3.233830845771144,27.114427860696516,5.472636815920398,57.46268656716418,6.218905472636816,0.0,402,3
Selbach,8.93169877408056,23.817863397548162,28.458844133099824,4.816112084063047,29.597197898423815,4.028021015761821,0.3502626970227671,1142,1
Senador Salgado Filho,10.309278350515463,0.6872852233676976,36.08247422680412,3.0927835051546393,49.48453608247423,0.3436426116838488,0.0,291,3
Sentinela do Sul,9.717314487632509,37.80918727915194,16.784452296819786,2.4734982332155475,33.03886925795053,0.17667844522968199,0.0,566,2
Serafina Corrêa,4.035648225996301,52.91743736337649,25.74407264166807,4.725071464604002,9.349251723558098,1.6142592903985205,1.6142592903985205,5947,2
Sério,4.147465437788019,7.834101382488479,23.04147465437788,5.0691244239631335,53.45622119815668,6.451612903225806,0.0,217,3
Sertão,13.971539456662354,9.44372574385511,26.002587322121606,5.692108667529108,40.49159120310479,4.3984476067270375,0.0,773,3
Sertão Santana,2.638888888888889,26.944444444444443,29.166666666666668,6.527777777777779,33.47222222222222,0.6944444444444444,0.5555555555555556,720,1
Sete de Setembro,2.2988505747126435,1.7241379310344827,12.643678160919542,1.7241379310344827,81.60919540229885,0.0,0.0,174,6
Severiano de Almeida,1.875,12.708333333333332,30.833333333333336,8.541666666666666,39.791666666666664,6.25,0.0,480,1
Silveira Martins,5.501618122977346,14.563106796116504,30.42071197411003,16.828478964401295,32.68608414239482,0.0,0.0,309,1
Sinimbu,0.4694835680751174,21.36150234741784,32.159624413145536,4.342723004694836,34.38967136150235,7.276995305164319,0.0,852,1
Sobradinho,1.1382799325463744,14.376053962900507,48.06070826306914,8.178752107925801,21.41652613827993,5.564924114671164,1.2647554806070826,2372,1
Soledade,3.561535417491096,22.2398100514444,42.22398100514444,9.814008705975464,16.06648199445983,4.3925603482390185,1.701622477245746,5054,4
Tabaí,11.715481171548117,23.01255230125523,29.009762900976288,3.765690376569038,32.357043235704325,0.1394700139470014,0.0,717,1
Tapejara,1.0218631178707225,56.92728136882129,23.96625475285171,5.442015209125476,7.24809885931559,3.3626425855513307,2.031844106463878,8416,2
Tapera,4.904250350303596,24.521251751517983,42.73703876693134,8.734236338159738,17.328351237739373,0.6071929005137786,1.1676786548341895,2141,4
Tapes,13.829787234042554,13.779128672745694,35.815602836879435,6.68693009118541,24.062816616008107,3.1408308004052685,2.684903748733536,1974,1
Taquara,1.1654796041069282,30.949958375728425,36.250115622976594,8.741097030801962,10.757561742669504,4.1439274812690785,7.991860142447507,10811,4
Taquari,6.691297208538588,30.80870279146141,32.71756978653531,11.001642036124796,11.637931034482758,4.495073891625616,2.647783251231527,4872,4
Taquaruçu do Sul,2.262443438914027,16.289592760180994,34.16289592760181,4.751131221719457,38.68778280542987,3.8461538461538463,0.0,442,1
Tavares,22.831858407079647,0.8849557522123894,27.964601769911507,3.7168141592920354,44.60176991150443,0.0,0.0,565,0
Tenente Portela,2.7485852869846403,12.206952303961197,38.641875505254646,9.175424413904608,16.289409862570736,20.16976556184317,0.7679870654810024,2474,4
Terra de Areia,3.997779011660189,18.933925596890617,43.75347029428095,5.6635202665186,23.098278734036644,2.7207107162687394,1.8323153803442533,1801,1
Teutônia,1.5488518685276902,54.07474110760918,23.016659162539398,8.176497073390365,7.185952273750564,2.764520486267447,3.2327780279153533,11105,2
Tio Hugo,2.3140495867768593,10.743801652892563,57.68595041322314,1.1570247933884297,27.933884297520663,0.0,0.1652892561983471,605,1
Tiradentes do Sul,1.7241379310344827,5.603448275862069,39.008620689655174,11.85344827586207,40.94827586206897,0.8620689655172413,0.0,464,1
Toropi,7.971014492753622,3.6231884057971016,27.536231884057973,2.536231884057971,58.333333333333336,0.0,0.0,276,3
Torres,0.3236245954692557,13.642799352750808,48.02791262135923,11.478559870550162,12.176375404530743,10.538025889967638,3.8127022653721685,9888,4
Tramandaí,0.14268466688618153,9.494018219734388,50.48842059049501,9.965975194819448,17.462408078147295,8.144001756118977,4.302491493798705,9111,4
Travesseiro,5.595667870036101,65.16245487364621,6.137184115523466,2.3465703971119134,20.577617328519857,0.18050541516245489,0.0,554,5
Três Arroios,2.2284122562674096,26.46239554317549,23.398328690807798,5.571030640668524,36.49025069637883,5.8495821727019495,0.0,359,1
Três Cachoeiras,0.31194295900178254,23.57397504456328,56.19429590017825,7.352941176470589,11.051693404634582,0.8912655971479502,0.6238859180035651,2244,4
Três Coroas,0.23590469450342064,69.34418494928049,13.375796178343949,5.1545175748997405,8.999764095305498,1.8990327907525357,0.9907997169143666,8478,5
Três de Maio,0.6440186765416197,25.454838190307523,41.86121397520528,9.128964739977459,9.772983416519079,4.717436805667365,8.420544195781678,6211,4
Três Forquilhas,1.4134275618374559,1.0600706713780919,22.968197879858657,0.7067137809187279,72.79151943462897,1.0600706713780919,0.0,283,6
Três Palmeiras,11.11111111111111,12.429378531073446,35.969868173258,6.214689265536723,33.52165725047081,0.7532956685499058,0.0,531,1
Três Passos,2.320107599193006,24.949562878278414,42.38399462004035,8.406186953597848,11.381977135171487,7.313382649630127,3.2447881640887695,5948,4
Trindade do Sul,1.7003188097768331,67.64080765143464,11.955366631243358,1.487778958554729,15.5154091392136,1.5409139213602552,0.1594048884165781,1882,5
Triunfo,2.3640441039058118,43.393758176041864,19.12726593160157,17.977948047094,15.25883012521024,1.5511119416931416,0.3270416744533732,10702,2
Tucunduva,2.044989775051125,15.950920245398773,40.899795501022496,14.008179959100204,21.472392638036812,4.4989775051124745,1.1247443762781186,978,1
Tunas,0.30120481927710846,3.313253012048193,29.819277108433734,3.91566265060241,62.34939759036144,0.30120481927710846,0.0,332,3
Tupanci do Sul,2.857142857142857,5.142857142857142,12.571428571428573,2.2857142857142856,77.14285714285715,0.0,0.0,175,6
Tupanciretã,28.887047776857223,4.252968793151063,36.34355150510908,5.136702568351284,20.491576912455123,2.7616680475006903,2.1264843965755316,3621,0
Tupandi,1.9655172413793103,74.86206896551724,13.896551724137932,2.310344827586207,6.896551724137931,0.034482758620689655,0.034482758620689655,2900,5
Tuparendi,5.850654349499615,17.62894534257121,46.26635873749038,6.543494996150885,17.551963048498845,5.157813702848345,1.0007698229407236,1299,4
Turuçu,18.200836820083683,6.2761506276150625,21.75732217573222,1.4644351464435146,52.09205020920502,0.20920502092050208,0.0,478,3
Ubiretama,1.0638297872340425,2.127659574468085,25.0,2.6595744680851063,69.14893617021278,0.0,0.0,188,6
União da Serra,7.614213197969544,26.39593908629442,12.690355329949238,4.060913705583756,48.223350253807105,0.0,1.015228426395939,197,3
Unistalda,26.31578947368421,1.1278195488721803,7.894736842105263,1.8796992481203008,62.78195488721805,0.0,0.0,266,0
Uruguaiana,13.94353750988326,7.641505046276917,45.94204920701363,8.762383144970002,15.817868936328544,4.827682433375192,3.064973722152458,21501,1
Vacaria,34.347069065583284,12.8554846198491,30.760301799187463,6.877539175856065,10.110272780034823,3.4764944863609983,1.5728380731282645,17230,0
Vale do Sol,0.9749303621169917,10.584958217270195,33.147632311977716,9.052924791086351,38.85793871866296,5.43175487465181,1.9498607242339834,718,1
Vale Real,0.0,62.524023062139655,21.204356181934656,1.9218449711723256,14.093529788597053,0.25624599615631005,0.0,1561,5
Vale Verde,11.57556270096463,2.2508038585209005,21.221864951768488,3.536977491961415,61.41479099678456,0.0,0.0,311,3
Vanini,2.3094688221709005,22.170900692840647,26.78983833718245,3.695150115473441,44.57274826789838,0.4618937644341801,0.0,433,3
Venâncio Aires,0.31494079113126733,47.102544721592345,29.774502393550012,7.054673721340388,9.063995968757874,4.572940287226002,2.1164021164021163,15876,2
Vera Cruz,1.0124793972215682,30.562750176595245,34.75394396044267,10.313162232163881,18.43654344242995,2.0249587944431364,2.8961619967035555,4247,4
Veranópolis,0.9312696747114376,54.10545645330536,23.09811122770199,6.8205666316894025,7.76495278069255,3.580797481636936,3.698845750262329,7624,2
Vespasiano Correa,11.295681063122924,18.272425249169437,36.21262458471761,4.318936877076411,29.900332225913623,0.0,0.0,301,1
Viadutos,1.8998272884283247,11.398963730569948,26.252158894645945,8.981001727115718,44.73229706390328,6.390328151986183,0.3454231433506045,579,3
Viamão,2.494224150124947,14.592861521052383,44.05205337356782,11.735583950209817,15.059644490546468,6.633976142203782,5.43165637229478,21209,4
Vicente Dutra,0.6535947712418301,4.248366013071895,22.22222222222222,6.862745098039216,65.359477124183,0.6535947712418301,0.0,306,3
Victor Graeff,8.128544423440454,15.122873345935728,23.440453686200378,10.01890359168242,42.911153119092624,0.3780718336483932,0.0,529,3
Vila Flores,4.775549188156638,65.90257879656161,12.607449856733524,2.1012416427889207,14.422158548233046,0.0,0.19102196752626552,1047,5
Vila Lângaro,3.3472803347280333,55.43933054393305,8.577405857740587,1.4644351464435146,31.171548117154813,0.0,0.0,478,2
Vila Maria,6.453634085213032,45.42606516290727,30.263157894736842,4.197994987468672,12.656641604010025,1.0025062656641603,0.0,1596,2
Vila Nova do Sul,25.665101721439747,8.607198748043817,27.073552425665103,2.660406885758998,35.52425665101722,0.4694835680751174,0.0,639,0
Vista Alegre,8.352668213457076,20.88167053364269,23.665893271461716,3.944315545243619,42.69141531322506,0.46403712296983757,0.0,431,3
Vista Alegre do Prata,5.154639175257731,13.917525773195877,16.49484536082474,2.0618556701030926,62.371134020618555,0.0,0.0,194,3
Vista Gaúcha,5.960264900662252,17.439293598233995,29.13907284768212,3.3112582781456954,40.83885209713024,3.3112582781456954,0.0,453,1
Vitória das Missões,9.287925696594428,2.476780185758514,30.959752321981426,3.0959752321981426,52.94117647058824,1.238390092879257,0.0,323,3
Westfalia,3.353057199211045,75.41091387245234,8.941485864562788,0.9204470742932281,10.453648915187378,0.13149243918474687,0.7889546351084813,1521,5
Xangri-lá,0.1737403822288409,10.796723752792255,47.331844130057085,16.70389674857285,23.430131546289402,0.47158103747828245,1.0920824025812856,4029,4
